{
  "$schema": "http://json-schema.org/draft-07/schema#",
  "title": "GetSessionResponse",
  "type": "object",
  "additionalProperties": false,
  "properties": {
    "certificationName": {
      "type": "string",
      "minLength": 1
    },
    "status": {
      "type": "string",
      "enum": [
        "active",
        "paused",
        "submitted",
        "expired"
      ]
    },
    "index": {
      "type": "integer",
      "minimum": 0
    },
    "questions": {
      "type": "array",
      "items": {
        "type": "object",
        "additionalProperties": false,
        "properties": {
          "qid": {
            "type": "string",
            "minLength": 1
          },
          "domain": {
            "type": "string",
            "minLength": 1
          },
          "type": {
            "type": "string",
            "enum": [
              "MCQ",
              "MSQ"
            ]
          }
        },
        "required": [
          "qid",
          "domain",
          "type"
        ]
      }
    },
    "answers": {
      "type": "object",
      "additionalProperties": {
        "type": "object",
        "additionalProperties": false,
        "properties": {
          "selected": {
            "type": "array",
            "items": {
              "type": "string",
              "minLength": 1
            },
            "minItems": 0,
            "uniqueItems": true
          },
          "perItemScore": {
            "type": "number",
            "minimum": 0,
            "maximum": 1
          }
        },
        "required": [
          "selected"
        ]
      }
    },
    "review": {
      "type": "object",
      "additionalProperties": false,
      "properties": {
        "quickBefore": {
          "type": "boolean"
        },
        "quickAfter": {
          "type": "boolean"
        },
        "explanationsWhileTaking": {
          "type": "boolean"
        }
      },
      "required": [
        "quickBefore",
        "quickAfter",
        "explanationsWhileTaking"
      ]
    },
    "timer": {
      "type": "object",
      "additionalProperties": false,
      "properties": {
        "enabled": {
          "type": "boolean"
        },
        "endsAt": {
          "type": "string",
          "format": "date-time"
        },
        "remainingSec": {
          "type": "integer",
          "minimum": 0
        }
      },
      "required": [
        "enabled"
      ]
    }
  },
  "required": [
    "certificationName",
    "status",
    "index",
    "questions",
    "review",
    "timer"
  ]
}