{
  "$schema": "http://json-schema.org/draft-07/schema#",
  "title": "GradeItemResponse",
  "type": "object",
  "additionalProperties": false,
  "properties": {
    "certificationName": {
      "type": "string",
      "minLength": 1
    },
    "perItemScore": {
      "type": "number",
      "minimum": 0,
      "maximum": 1
    },
    "feedbackAllowed": {
      "type": "boolean"
    },
    "explanation": {
      "type": "object",
      "additionalProperties": false,
      "properties": {
        "overview": {
          "type": "string"
        },
        "optionNotes": {
          "type": "object",
          "additionalProperties": {
            "type": "string"
          }
        }
      },
      "required": [
        "overview"
      ]
    }
  },
  "required": [
    "certificationName",
    "perItemScore",
    "feedbackAllowed"
  ]
}