{
  "$schema": "http://json-schema.org/draft-07/schema#",
  "title": "GradeItemRequest",
  "type": "object",
  "additionalProperties": false,
  "properties": {
    "sessionId": {
      "type": "string",
      "minLength": 1
    },
    "qid": {
      "type": "string",
      "minLength": 1
    },
    "selected": {
      "type": "array",
      "items": {
        "type": "string",
        "minLength": 1
      },
      "minItems": 1,
      "uniqueItems": true
    }
  },
  "required": [
    "sessionId",
    "qid",
    "selected"
  ]
}