{
  "$schema": "http://json-schema.org/draft-07/schema#",
  "title": "QuestionFullInternal (Server Only)",
  "type": "object",
  "additionalProperties": false,
  "properties": {
    "id": {
      "type": "string",
      "minLength": 1
    },
    "status": {
      "type": "string",
      "enum": [
        "published",
        "retired",
        "pilot"
      ]
    },
    "version": {
      "type": "integer",
      "minimum": 1
    },
    "type": {
      "type": "string",
      "enum": [
        "MCQ",
        "MSQ"
      ]
    },
    "stem": {
      "type": "string",
      "minLength": 1
    },
    "options": {
      "type": "array",
      "items": {
        "type": "object",
        "additionalProperties": false,
        "properties": {
          "id": {
            "type": "string",
            "minLength": 1
          },
          "text": {
            "type": "string",
            "minLength": 1
          },
          "weight": {
            "type": "number",
            "enum": [
              0,
              0.5,
              0.8,
              1
            ]
          }
        },
        "required": [
          "id",
          "text",
          "weight"
        ]
      },
      "minItems": 4,
      "maxItems": 5
    },
    "explanation": {
      "type": "object",
      "additionalProperties": false,
      "properties": {
        "overview": {
          "type": "string",
          "minLength": 1
        },
        "optionNotes": {
          "type": "object",
          "additionalProperties": {
            "type": "string"
          }
        }
      },
      "required": [
        "overview"
      ]
    },
    "domain": {
      "type": "string",
      "minLength": 1
    },
    "objectiveId": {
      "type": "string"
    },
    "difficulty": {
      "type": "integer",
      "minimum": 1,
      "maximum": 5
    },
    "timeSuggestedSec": {
      "type": "integer",
      "minimum": 10,
      "maximum": 600
    },
    "exhibits": {
      "type": "array",
      "items": {
        "type": "object",
        "additionalProperties": false,
        "properties": {
          "type": {
            "type": "string",
            "enum": [
              "image",
              "pdf"
            ]
          },
          "url": {
            "type": "string",
            "minLength": 1
          }
        },
        "required": [
          "type",
          "url"
        ]
      }
    },
    "createdAt": {
      "type": "string"
    },
    "updatedAt": {
      "type": "string"
    }
  },
  "required": [
    "id",
    "status",
    "version",
    "type",
    "stem",
    "options",
    "explanation",
    "domain",
    "difficulty",
    "timeSuggestedSec"
  ]
}