{
  "$schema": "http://json-schema.org/draft-07/schema#",
  "title": "CreateSessionRequest",
  "type": "object",
  "additionalProperties": false,
  "properties": {
    "certificationName": {
      "type": "string",
      "minLength": 1
    },
    "mode": {
      "type": "string",
      "enum": [
        "quiz",
        "exam"
      ]
    },
    "domains": {
      "type": "array",
      "items": {
        "type": "string",
        "minLength": 1
      },
      "minItems": 1,
      "uniqueItems": true
    },
    "blueprint": {
      "type": "object",
      "description": "Domain weights; keys are domain names; values between 0 and 1 (sum typically 1.0).",
      "additionalProperties": {
        "type": "number",
        "minimum": 0,
        "maximum": 1
      }
    },
    "questionCount": {
      "type": "integer",
      "minimum": 1,
      "maximum": 200
    },
    "timer": {
      "type": "object",
      "additionalProperties": false,
      "properties": {
        "enabled": {
          "type": "boolean"
        },
        "durationMin": {
          "type": "integer",
          "minimum": 1,
          "maximum": 600
        }
      },
      "required": [
        "enabled"
      ]
    },
    "review": {
      "type": "object",
      "additionalProperties": false,
      "properties": {
        "quickBefore": {
          "type": "boolean"
        },
        "quickAfter": {
          "type": "boolean"
        },
        "explanationsWhileTaking": {
          "type": "boolean"
        }
      },
      "required": [
        "quickBefore",
        "quickAfter",
        "explanationsWhileTaking"
      ]
    }
  },
  "required": [
    "certificationName",
    "mode",
    "domains",
    "questionCount",
    "timer",
    "review"
  ]
}