{
  "$schema": "http://json-schema.org/draft-07/schema#",
  "title": "CreateSessionResponse",
  "type": "object",
  "additionalProperties": false,
  "properties": {
    "sessionId": {
      "type": "string",
      "minLength": 1
    },
    "certificationName": {
      "type": "string",
      "minLength": 1
    },
    "summary": {
      "type": "object",
      "additionalProperties": false,
      "properties": {
        "allocations": {
          "type": "array",
          "items": {
            "type": "object",
            "additionalProperties": false,
            "properties": {
              "domain": {
                "type": "string",
                "minLength": 1
              },
              "questions": {
                "type": "integer",
                "minimum": 0
              }
            },
            "required": [
              "domain",
              "questions"
            ]
          }
        },
        "endsAt": {
          "type": "string",
          "format": "date-time"
        }
      },
      "required": [
        "allocations"
      ]
    }
  },
  "required": [
    "sessionId",
    "certificationName",
    "summary"
  ]
}