{
  "$schema": "http://json-schema.org/draft-07/schema#",
  "title": "SessionItemsResponse",
  "type": "object",
  "additionalProperties": false,
  "properties": {
    "sessionId": {
      "type": "string",
      "minLength": 1
    },
    "items": {
      "type": "array",
      "items": {
        "type": "object",
        "additionalProperties": false,
        "properties": {
          "qid": {
            "type": "string",
            "minLength": 1
          },
          "type": {
            "type": "string",
            "enum": [
              "MCQ",
              "MSQ"
            ]
          },
          "domain": {
            "type": "string",
            "minLength": 1
          },
          "stem": {
            "type": "string",
            "minLength": 1
          },
          "options": {
            "type": "array",
            "items": {
              "type": "object",
              "additionalProperties": false,
              "properties": {
                "id": {
                  "type": "string",
                  "minLength": 1
                },
                "text": {
                  "type": "string",
                  "minLength": 1
                }
              },
              "required": [
                "id",
                "text"
              ]
            },
            "minItems": 4,
            "maxItems": 5
          },
          "exhibits": {
            "type": "array",
            "items": {
              "type": "object",
              "additionalProperties": false,
              "properties": {
                "type": {
                  "type": "string",
                  "enum": [
                    "image",
                    "pdf"
                  ]
                },
                "url": {
                  "type": "string",
                  "minLength": 1
                }
              },
              "required": [
                "type",
                "url"
              ]
            }
          }
        },
        "required": [
          "qid",
          "type",
          "domain",
          "stem",
          "options"
        ]
      }
    },
    "paging": {
      "type": "object",
      "additionalProperties": false,
      "properties": {
        "from": {
          "type": "integer",
          "minimum": 0
        },
        "limit": {
          "type": "integer",
          "minimum": 1,
          "maximum": 100
        },
        "total": {
          "type": "integer",
          "minimum": 0
        }
      },
      "required": [
        "from",
        "limit"
      ]
    }
  },
  "required": [
    "sessionId",
    "items",
    "paging"
  ]
}