{
  "$schema": "http://json-schema.org/draft-07/schema#",
  "title": "SubmitResponse",
  "type": "object",
  "additionalProperties": false,
  "properties": {
    "certificationName": {
      "type": "string",
      "minLength": 1
    },
    "overallScorePct": {
      "type": "number",
      "minimum": 0,
      "maximum": 100
    },
    "perDomain": {
      "type": "array",
      "items": {
        "type": "object",
        "additionalProperties": false,
        "properties": {
          "domain": {
            "type": "string",
            "minLength": 1
          },
          "weight": {
            "type": "number",
            "minimum": 0,
            "maximum": 1
          },
          "count": {
            "type": "integer",
            "minimum": 0
          },
          "mean": {
            "type": "number",
            "minimum": 0,
            "maximum": 1
          },
          "contribution": {
            "type": "number",
            "minimum": 0,
            "maximum": 1
          }
        },
        "required": [
          "domain",
          "weight",
          "count",
          "mean",
          "contribution"
        ]
      }
    },
    "items": {
      "type": "array",
      "items": {
        "type": "object",
        "additionalProperties": false,
        "properties": {
          "qid": {
            "type": "string",
            "minLength": 1
          },
          "yourSelection": {
            "type": "array",
            "items": {
              "type": "string",
              "minLength": 1
            },
            "minItems": 0,
            "uniqueItems": true
          },
          "perItemScore": {
            "type": "number",
            "minimum": 0,
            "maximum": 1
          },
          "weights": {
            "type": "object",
            "description": "Map of optionId => weight (0, 0.5, 0.8, 1)",
            "additionalProperties": {
              "type": "number",
              "enum": [
                0,
                0.5,
                0.8,
                1
              ]
            }
          },
          "explanation": {
            "type": "object",
            "additionalProperties": false,
            "properties": {
              "overview": {
                "type": "string"
              }
            },
            "required": [
              "overview"
            ]
          }
        },
        "required": [
          "qid",
          "yourSelection",
          "perItemScore"
        ]
      }
    }
  },
  "required": [
    "certificationName",
    "overallScorePct",
    "perDomain",
    "items"
  ]
}